{"cameraMode":{"drawMode":0,"name":"Shaded","section":"Shading Mode"},"sceneLighting":true,"audioPlay":false,"sceneViewState":{"m_AlwaysRefresh":false,"showFog":true,"showSkybox":true,"showFlares":true,"showImageEffects":true,"showParticleSystems":true,"showVisualEffectGraphs":true,"m_FxEnabled":true},"in2DMode":false,"pivot":{"x":1.1015245914459229,"y":4.217905044555664,"z":-7.620818614959717},"rotation":{"x":-0.09068361669778824,"y":0.14644338190555573,"z":-0.013482616282999516,"w":-0.9849625825881958},"size":3.885556936264038,"orthographic":false}